1234567;Teste 01;teste@teste.com
1010101;teste 02;teste02@gmail.com
1410198;Maria de Tal;maria@hotmail.com.br
2741147;Danilo Korczagin;dknnilo@gmail.com
7654321;Joao da Silva;js@teste.com.br
15154;jose de Souza;JoseSouza@gmail.com
1;Primeiro;primeiro@teste.com
987321;Isaac Asimov;asimov@gmail.com
7891010;Neil Gaiman;ngaiman@hotmail.com.br
456456;Douglas Adams;Douglasa@gmail.com
